Name,ClimateDivision,State,MapDate,DSCI
North Coast Drainage,1,CA,20011218,112
North Coast Drainage,1,CA,20011225,50
North Coast Drainage,1,CA,20020101,38
North Coast Drainage,1,CA,20020108,14
North Coast Drainage,1,CA,20020115,14
North Coast Drainage,1,CA,20020122,13
North Coast Drainage,1,CA,20020129,11
North Coast Drainage,1,CA,20020205,10
North Coast Drainage,1,CA,20020212,11
North Coast Drainage,1,CA,20020219,10
North Coast Drainage,1,CA,20020226,10
North Coast Drainage,1,CA,20020305,10
North Coast Drainage,1,CA,20020312,9
North Coast Drainage,1,CA,20020319,0
North Coast Drainage,1,CA,20020326,0
North Coast Drainage,1,CA,20020402,0
North Coast Drainage,1,CA,20020409,0
North Coast Drainage,1,CA,20020416,0
North Coast Drainage,1,CA,20020423,0
North Coast Drainage,1,CA,20020430,0
North Coast Drainage,1,CA,20020507,0
North Coast Drainage,1,CA,20020514,0
North Coast Drainage,1,CA,20020521,0
North Coast Drainage,1,CA,20020528,26
North Coast Drainage,1,CA,20020604,24
North Coast Drainage,1,CA,20020611,25
North Coast Drainage,1,CA,20020618,25
North Coast Drainage,1,CA,20020625,43
North Coast Drainage,1,CA,20020702,44
North Coast Drainage,1,CA,20020709,51
North Coast Drainage,1,CA,20020716,50
North Coast Drainage,1,CA,20020723,61
North Coast Drainage,1,CA,20020730,65
North Coast Drainage,1,CA,20020806,69
North Coast Drainage,1,CA,20020813,71
North Coast Drainage,1,CA,20020820,71
North Coast Drainage,1,CA,20020827,73
North Coast Drainage,1,CA,20020903,69
North Coast Drainage,1,CA,20020910,68
North Coast Drainage,1,CA,20020917,62
North Coast Drainage,1,CA,20020924,65
North Coast Drainage,1,CA,20021001,61
North Coast Drainage,1,CA,20021008,160
North Coast Drainage,1,CA,20021015,160
North Coast Drainage,1,CA,20021022,172
North Coast Drainage,1,CA,20021029,181
North Coast Drainage,1,CA,20021105,181
North Coast Drainage,1,CA,20021112,77
North Coast Drainage,1,CA,20021119,75
North Coast Drainage,1,CA,20021126,78
North Coast Drainage,1,CA,20021203,75
North Coast Drainage,1,CA,20021210,105
North Coast Drainage,1,CA,20021217,14
North Coast Drainage,1,CA,20021224,12
North Coast Drainage,1,CA,20021231,1
North Coast Drainage,1,CA,20030107,3
North Coast Drainage,1,CA,20030114,0
North Coast Drainage,1,CA,20030121,0
North Coast Drainage,1,CA,20030128,0
North Coast Drainage,1,CA,20030204,5
North Coast Drainage,1,CA,20030211,9
North Coast Drainage,1,CA,20030218,8
North Coast Drainage,1,CA,20030225,8
North Coast Drainage,1,CA,20030304,9
North Coast Drainage,1,CA,20030311,10
North Coast Drainage,1,CA,20030318,9
North Coast Drainage,1,CA,20030325,9
North Coast Drainage,1,CA,20030401,9
North Coast Drainage,1,CA,20030408,9
North Coast Drainage,1,CA,20030415,10
North Coast Drainage,1,CA,20030422,11
North Coast Drainage,1,CA,20030429,7
North Coast Drainage,1,CA,20030506,7
North Coast Drainage,1,CA,20030513,6
North Coast Drainage,1,CA,20030520,6
North Coast Drainage,1,CA,20030527,5
North Coast Drainage,1,CA,20030603,6
North Coast Drainage,1,CA,20030610,6
North Coast Drainage,1,CA,20030617,7
North Coast Drainage,1,CA,20030624,7
North Coast Drainage,1,CA,20030701,9
North Coast Drainage,1,CA,20030708,10
North Coast Drainage,1,CA,20030715,9
North Coast Drainage,1,CA,20030722,12
North Coast Drainage,1,CA,20030729,13
North Coast Drainage,1,CA,20030805,13
North Coast Drainage,1,CA,20030812,12
North Coast Drainage,1,CA,20030819,5
North Coast Drainage,1,CA,20030826,6
North Coast Drainage,1,CA,20030902,8
North Coast Drainage,1,CA,20030909,6
North Coast Drainage,1,CA,20030916,2
North Coast Drainage,1,CA,20030923,2
North Coast Drainage,1,CA,20030930,2
North Coast Drainage,1,CA,20031007,3
North Coast Drainage,1,CA,20031014,44
North Coast Drainage,1,CA,20031021,46
North Coast Drainage,1,CA,20031028,55
North Coast Drainage,1,CA,20031104,40
North Coast Drainage,1,CA,20031111,31
North Coast Drainage,1,CA,20031118,34
North Coast Drainage,1,CA,20031125,32
North Coast Drainage,1,CA,20031202,32
North Coast Drainage,1,CA,20031209,26
North Coast Drainage,1,CA,20031216,17
North Coast Drainage,1,CA,20031223,17
North Coast Drainage,1,CA,20031230,6
North Coast Drainage,1,CA,20040106,4
North Coast Drainage,1,CA,20040113,6
North Coast Drainage,1,CA,20040120,3
North Coast Drainage,1,CA,20040127,3
North Coast Drainage,1,CA,20040203,3
North Coast Drainage,1,CA,20040210,1
North Coast Drainage,1,CA,20040217,1
North Coast Drainage,1,CA,20040224,1
North Coast Drainage,1,CA,20040302,0
North Coast Drainage,1,CA,20040309,0
North Coast Drainage,1,CA,20040316,0
North Coast Drainage,1,CA,20040323,0
North Coast Drainage,1,CA,20040330,0
North Coast Drainage,1,CA,20040406,0
North Coast Drainage,1,CA,20040413,3
North Coast Drainage,1,CA,20040420,3
North Coast Drainage,1,CA,20040427,4
North Coast Drainage,1,CA,20040504,4
North Coast Drainage,1,CA,20040511,4
North Coast Drainage,1,CA,20040518,4
North Coast Drainage,1,CA,20040525,4
North Coast Drainage,1,CA,20040601,4
North Coast Drainage,1,CA,20040608,4
North Coast Drainage,1,CA,20040615,4
North Coast Drainage,1,CA,20040622,4
North Coast Drainage,1,CA,20040629,11
North Coast Drainage,1,CA,20040706,10
North Coast Drainage,1,CA,20040713,10
North Coast Drainage,1,CA,20040720,10
North Coast Drainage,1,CA,20040727,10
North Coast Drainage,1,CA,20040803,9
North Coast Drainage,1,CA,20040810,34
North Coast Drainage,1,CA,20040817,34
North Coast Drainage,1,CA,20040824,34
North Coast Drainage,1,CA,20040831,67
North Coast Drainage,1,CA,20040907,66
North Coast Drainage,1,CA,20040914,65
North Coast Drainage,1,CA,20040921,66
North Coast Drainage,1,CA,20040928,65
North Coast Drainage,1,CA,20041005,65
North Coast Drainage,1,CA,20041012,65
North Coast Drainage,1,CA,20041019,26
North Coast Drainage,1,CA,20041026,23
North Coast Drainage,1,CA,20041102,23
North Coast Drainage,1,CA,20041109,23
North Coast Drainage,1,CA,20041116,23
North Coast Drainage,1,CA,20041123,23
North Coast Drainage,1,CA,20041130,22
North Coast Drainage,1,CA,20041207,17
North Coast Drainage,1,CA,20041214,9
North Coast Drainage,1,CA,20041221,9
North Coast Drainage,1,CA,20041228,9
North Coast Drainage,1,CA,20050104,9
North Coast Drainage,1,CA,20050111,9
North Coast Drainage,1,CA,20050118,9
North Coast Drainage,1,CA,20050125,9
North Coast Drainage,1,CA,20050201,9
North Coast Drainage,1,CA,20050208,10
North Coast Drainage,1,CA,20050215,40
North Coast Drainage,1,CA,20050222,40
North Coast Drainage,1,CA,20050301,40
North Coast Drainage,1,CA,20050308,42
North Coast Drainage,1,CA,20050315,56
North Coast Drainage,1,CA,20050322,56
North Coast Drainage,1,CA,20050329,18
North Coast Drainage,1,CA,20050405,23
North Coast Drainage,1,CA,20050412,21
North Coast Drainage,1,CA,20050419,18
North Coast Drainage,1,CA,20050426,18
North Coast Drainage,1,CA,20050503,19
North Coast Drainage,1,CA,20050510,17
North Coast Drainage,1,CA,20050517,8
North Coast Drainage,1,CA,20050524,8
North Coast Drainage,1,CA,20050531,8
North Coast Drainage,1,CA,20050607,8
North Coast Drainage,1,CA,20050614,8
North Coast Drainage,1,CA,20050621,7
North Coast Drainage,1,CA,20050628,6
North Coast Drainage,1,CA,20050705,6
North Coast Drainage,1,CA,20050712,6
North Coast Drainage,1,CA,20050719,6
North Coast Drainage,1,CA,20050726,6
North Coast Drainage,1,CA,20050802,6
North Coast Drainage,1,CA,20050809,6
North Coast Drainage,1,CA,20050816,5
North Coast Drainage,1,CA,20050823,7
North Coast Drainage,1,CA,20050830,7
North Coast Drainage,1,CA,20050906,5
North Coast Drainage,1,CA,20050913,5
North Coast Drainage,1,CA,20050920,4
North Coast Drainage,1,CA,20050927,2
North Coast Drainage,1,CA,20051004,2
North Coast Drainage,1,CA,20051011,2
North Coast Drainage,1,CA,20051018,2
North Coast Drainage,1,CA,20051025,2
North Coast Drainage,1,CA,20051101,2
North Coast Drainage,1,CA,20051108,2
North Coast Drainage,1,CA,20051115,2
North Coast Drainage,1,CA,20051122,2
North Coast Drainage,1,CA,20051129,2
North Coast Drainage,1,CA,20051206,1
North Coast Drainage,1,CA,20051213,1
North Coast Drainage,1,CA,20051220,1
North Coast Drainage,1,CA,20051227,0
North Coast Drainage,1,CA,20060103,0
North Coast Drainage,1,CA,20060110,0
North Coast Drainage,1,CA,20060117,0
North Coast Drainage,1,CA,20060124,0
North Coast Drainage,1,CA,20060131,0
North Coast Drainage,1,CA,20060207,0
North Coast Drainage,1,CA,20060214,0
North Coast Drainage,1,CA,20060221,0
North Coast Drainage,1,CA,20060228,0
North Coast Drainage,1,CA,20060307,0
North Coast Drainage,1,CA,20060314,0
North Coast Drainage,1,CA,20060321,0
North Coast Drainage,1,CA,20060328,0
North Coast Drainage,1,CA,20060404,0
North Coast Drainage,1,CA,20060411,0
North Coast Drainage,1,CA,20060418,0
North Coast Drainage,1,CA,20060425,0
North Coast Drainage,1,CA,20060502,0
North Coast Drainage,1,CA,20060509,0
North Coast Drainage,1,CA,20060516,0
North Coast Drainage,1,CA,20060523,0
North Coast Drainage,1,CA,20060530,0
North Coast Drainage,1,CA,20060606,0
North Coast Drainage,1,CA,20060613,0
North Coast Drainage,1,CA,20060620,0
North Coast Drainage,1,CA,20060627,0
North Coast Drainage,1,CA,20060704,0
North Coast Drainage,1,CA,20060711,0
North Coast Drainage,1,CA,20060718,0
North Coast Drainage,1,CA,20060725,0
North Coast Drainage,1,CA,20060801,0
North Coast Drainage,1,CA,20060808,0
North Coast Drainage,1,CA,20060815,0
North Coast Drainage,1,CA,20060822,0
North Coast Drainage,1,CA,20060829,0
North Coast Drainage,1,CA,20060905,0
North Coast Drainage,1,CA,20060912,0
North Coast Drainage,1,CA,20060919,0
North Coast Drainage,1,CA,20060926,0
North Coast Drainage,1,CA,20061003,0
North Coast Drainage,1,CA,20061010,0
North Coast Drainage,1,CA,20061017,0
North Coast Drainage,1,CA,20061024,0
North Coast Drainage,1,CA,20061031,0
North Coast Drainage,1,CA,20061107,0
North Coast Drainage,1,CA,20061114,0
North Coast Drainage,1,CA,20061121,0
North Coast Drainage,1,CA,20061128,0
North Coast Drainage,1,CA,20061205,0
North Coast Drainage,1,CA,20061212,0
North Coast Drainage,1,CA,20061219,0
North Coast Drainage,1,CA,20061226,0
North Coast Drainage,1,CA,20070102,0
North Coast Drainage,1,CA,20070109,0
North Coast Drainage,1,CA,20070116,0
North Coast Drainage,1,CA,20070123,20
North Coast Drainage,1,CA,20070130,26
North Coast Drainage,1,CA,20070206,27
North Coast Drainage,1,CA,20070213,11
North Coast Drainage,1,CA,20070220,12
North Coast Drainage,1,CA,20070227,3
North Coast Drainage,1,CA,20070306,3
North Coast Drainage,1,CA,20070313,3
North Coast Drainage,1,CA,20070320,3
North Coast Drainage,1,CA,20070327,11
North Coast Drainage,1,CA,20070403,42
North Coast Drainage,1,CA,20070410,64
North Coast Drainage,1,CA,20070417,88
North Coast Drainage,1,CA,20070424,48
North Coast Drainage,1,CA,20070501,51
North Coast Drainage,1,CA,20070508,51
North Coast Drainage,1,CA,20070515,104
North Coast Drainage,1,CA,20070522,117
North Coast Drainage,1,CA,20070529,118
North Coast Drainage,1,CA,20070605,118
North Coast Drainage,1,CA,20070612,118
North Coast Drainage,1,CA,20070619,143
North Coast Drainage,1,CA,20070626,143
North Coast Drainage,1,CA,20070703,143
North Coast Drainage,1,CA,20070710,143
North Coast Drainage,1,CA,20070717,143
North Coast Drainage,1,CA,20070724,143
North Coast Drainage,1,CA,20070731,143
North Coast Drainage,1,CA,20070807,143
North Coast Drainage,1,CA,20070814,143
North Coast Drainage,1,CA,20070821,143
North Coast Drainage,1,CA,20070828,145
North Coast Drainage,1,CA,20070904,145
North Coast Drainage,1,CA,20070911,145
North Coast Drainage,1,CA,20070918,145
North Coast Drainage,1,CA,20070925,145
North Coast Drainage,1,CA,20071002,145
North Coast Drainage,1,CA,20071009,144
North Coast Drainage,1,CA,20071016,136
North Coast Drainage,1,CA,20071023,80
North Coast Drainage,1,CA,20071030,53
North Coast Drainage,1,CA,20071106,53
North Coast Drainage,1,CA,20071113,53
North Coast Drainage,1,CA,20071120,53
North Coast Drainage,1,CA,20071127,53
North Coast Drainage,1,CA,20071204,53
North Coast Drainage,1,CA,20071211,53
North Coast Drainage,1,CA,20071218,52
North Coast Drainage,1,CA,20071225,52
North Coast Drainage,1,CA,20080101,52
North Coast Drainage,1,CA,20080108,23
North Coast Drainage,1,CA,20080115,23
North Coast Drainage,1,CA,20080122,23
North Coast Drainage,1,CA,20080129,10
North Coast Drainage,1,CA,20080205,10
North Coast Drainage,1,CA,20080212,10
North Coast Drainage,1,CA,20080219,10
North Coast Drainage,1,CA,20080226,10
North Coast Drainage,1,CA,20080304,10
North Coast Drainage,1,CA,20080311,10
North Coast Drainage,1,CA,20080318,10
North Coast Drainage,1,CA,20080325,10
North Coast Drainage,1,CA,20080401,10
North Coast Drainage,1,CA,20080408,10
North Coast Drainage,1,CA,20080415,46
North Coast Drainage,1,CA,20080422,46
North Coast Drainage,1,CA,20080429,52
North Coast Drainage,1,CA,20080506,52
North Coast Drainage,1,CA,20080513,52
North Coast Drainage,1,CA,20080520,52
North Coast Drainage,1,CA,20080527,50
North Coast Drainage,1,CA,20080603,98
North Coast Drainage,1,CA,20080610,99
North Coast Drainage,1,CA,20080617,146
North Coast Drainage,1,CA,20080624,146
North Coast Drainage,1,CA,20080701,146
North Coast Drainage,1,CA,20080708,146
North Coast Drainage,1,CA,20080715,146
North Coast Drainage,1,CA,20080722,146
North Coast Drainage,1,CA,20080729,181
North Coast Drainage,1,CA,20080805,181
North Coast Drainage,1,CA,20080812,181
North Coast Drainage,1,CA,20080819,220
North Coast Drainage,1,CA,20080826,239
North Coast Drainage,1,CA,20080902,244
North Coast Drainage,1,CA,20080909,262
North Coast Drainage,1,CA,20080916,262
North Coast Drainage,1,CA,20080923,262
North Coast Drainage,1,CA,20080930,262
North Coast Drainage,1,CA,20081007,260
North Coast Drainage,1,CA,20081014,260
North Coast Drainage,1,CA,20081021,259
North Coast Drainage,1,CA,20081028,260
North Coast Drainage,1,CA,20081104,187
North Coast Drainage,1,CA,20081111,114
North Coast Drainage,1,CA,20081118,114
North Coast Drainage,1,CA,20081125,114
North Coast Drainage,1,CA,20081202,150
North Coast Drainage,1,CA,20081209,155
North Coast Drainage,1,CA,20081216,208
North Coast Drainage,1,CA,20081223,197
North Coast Drainage,1,CA,20081230,180
North Coast Drainage,1,CA,20090106,180
North Coast Drainage,1,CA,20090113,180
North Coast Drainage,1,CA,20090120,208
North Coast Drainage,1,CA,20090127,216
North Coast Drainage,1,CA,20090203,259
North Coast Drainage,1,CA,20090210,259
North Coast Drainage,1,CA,20090217,231
North Coast Drainage,1,CA,20090224,230
North Coast Drainage,1,CA,20090303,211
North Coast Drainage,1,CA,20090310,195
North Coast Drainage,1,CA,20090317,195
North Coast Drainage,1,CA,20090324,195
North Coast Drainage,1,CA,20090331,195
North Coast Drainage,1,CA,20090407,216
North Coast Drainage,1,CA,20090414,216
North Coast Drainage,1,CA,20090421,216
North Coast Drainage,1,CA,20090428,216
North Coast Drainage,1,CA,20090505,216
North Coast Drainage,1,CA,20090512,216
North Coast Drainage,1,CA,20090519,216
North Coast Drainage,1,CA,20090526,216
North Coast Drainage,1,CA,20090602,216
North Coast Drainage,1,CA,20090609,216
North Coast Drainage,1,CA,20090616,216
North Coast Drainage,1,CA,20090623,216
North Coast Drainage,1,CA,20090630,216
North Coast Drainage,1,CA,20090707,225
North Coast Drainage,1,CA,20090714,225
North Coast Drainage,1,CA,20090721,225
North Coast Drainage,1,CA,20090728,225
North Coast Drainage,1,CA,20090804,225
North Coast Drainage,1,CA,20090811,225
North Coast Drainage,1,CA,20090818,230
North Coast Drainage,1,CA,20090825,230
North Coast Drainage,1,CA,20090901,254
North Coast Drainage,1,CA,20090908,254
North Coast Drainage,1,CA,20090915,254
North Coast Drainage,1,CA,20090922,254
North Coast Drainage,1,CA,20090929,254
North Coast Drainage,1,CA,20091006,254
North Coast Drainage,1,CA,20091013,254
North Coast Drainage,1,CA,20091020,199
North Coast Drainage,1,CA,20091027,199
North Coast Drainage,1,CA,20091103,199
North Coast Drainage,1,CA,20091110,200
North Coast Drainage,1,CA,20091117,200
North Coast Drainage,1,CA,20091124,145
North Coast Drainage,1,CA,20091201,146
North Coast Drainage,1,CA,20091208,146
North Coast Drainage,1,CA,20091215,155
North Coast Drainage,1,CA,20091222,155
North Coast Drainage,1,CA,20091229,155
North Coast Drainage,1,CA,20100105,158
North Coast Drainage,1,CA,20100112,158
North Coast Drainage,1,CA,20100119,128
North Coast Drainage,1,CA,20100126,62
North Coast Drainage,1,CA,20100202,62
North Coast Drainage,1,CA,20100209,62
North Coast Drainage,1,CA,20100216,66
North Coast Drainage,1,CA,20100223,66
North Coast Drainage,1,CA,20100302,66
North Coast Drainage,1,CA,20100309,72
North Coast Drainage,1,CA,20100316,70
North Coast Drainage,1,CA,20100323,69
North Coast Drainage,1,CA,20100330,69
North Coast Drainage,1,CA,20100406,69
North Coast Drainage,1,CA,20100413,66
North Coast Drainage,1,CA,20100420,66
North Coast Drainage,1,CA,20100427,65
North Coast Drainage,1,CA,20100504,65
North Coast Drainage,1,CA,20100511,60
North Coast Drainage,1,CA,20100518,46
North Coast Drainage,1,CA,20100525,43
North Coast Drainage,1,CA,20100601,43
North Coast Drainage,1,CA,20100608,38
North Coast Drainage,1,CA,20100615,31
North Coast Drainage,1,CA,20100622,31
North Coast Drainage,1,CA,20100629,31
North Coast Drainage,1,CA,20100706,31
North Coast Drainage,1,CA,20100713,31
North Coast Drainage,1,CA,20100720,31
North Coast Drainage,1,CA,20100727,31
North Coast Drainage,1,CA,20100803,31
North Coast Drainage,1,CA,20100810,31
North Coast Drainage,1,CA,20100817,31
North Coast Drainage,1,CA,20100824,31
North Coast Drainage,1,CA,20100831,31
North Coast Drainage,1,CA,20100907,31
North Coast Drainage,1,CA,20100914,31
North Coast Drainage,1,CA,20100921,31
North Coast Drainage,1,CA,20100928,31
North Coast Drainage,1,CA,20101005,31
North Coast Drainage,1,CA,20101012,30
North Coast Drainage,1,CA,20101019,30
North Coast Drainage,1,CA,20101026,23
North Coast Drainage,1,CA,20101102,23
North Coast Drainage,1,CA,20101109,23
North Coast Drainage,1,CA,20101116,23
North Coast Drainage,1,CA,20101123,17
North Coast Drainage,1,CA,20101130,17
North Coast Drainage,1,CA,20101207,13
North Coast Drainage,1,CA,20101214,9
North Coast Drainage,1,CA,20101221,0
North Coast Drainage,1,CA,20101228,0
North Coast Drainage,1,CA,20110104,0
North Coast Drainage,1,CA,20110111,0
North Coast Drainage,1,CA,20110118,0
North Coast Drainage,1,CA,20110125,0
North Coast Drainage,1,CA,20110201,0
North Coast Drainage,1,CA,20110208,89
North Coast Drainage,1,CA,20110215,89
North Coast Drainage,1,CA,20110222,0
North Coast Drainage,1,CA,20110301,0
North Coast Drainage,1,CA,20110308,11
North Coast Drainage,1,CA,20110315,11
North Coast Drainage,1,CA,20110322,0
North Coast Drainage,1,CA,20110329,0
North Coast Drainage,1,CA,20110405,0
North Coast Drainage,1,CA,20110412,0
North Coast Drainage,1,CA,20110419,0
North Coast Drainage,1,CA,20110426,0
North Coast Drainage,1,CA,20110503,0
North Coast Drainage,1,CA,20110510,0
North Coast Drainage,1,CA,20110517,0
North Coast Drainage,1,CA,20110524,0
North Coast Drainage,1,CA,20110531,0
North Coast Drainage,1,CA,20110607,0
North Coast Drainage,1,CA,20110614,0
North Coast Drainage,1,CA,20110621,0
North Coast Drainage,1,CA,20110628,0
North Coast Drainage,1,CA,20110705,0
North Coast Drainage,1,CA,20110712,0
North Coast Drainage,1,CA,20110719,0
North Coast Drainage,1,CA,20110726,0
North Coast Drainage,1,CA,20110802,0
North Coast Drainage,1,CA,20110809,0
North Coast Drainage,1,CA,20110816,0
North Coast Drainage,1,CA,20110823,0
North Coast Drainage,1,CA,20110830,0
North Coast Drainage,1,CA,20110906,0
North Coast Drainage,1,CA,20110913,0
North Coast Drainage,1,CA,20110920,0
North Coast Drainage,1,CA,20110927,0
North Coast Drainage,1,CA,20111004,0
North Coast Drainage,1,CA,20111011,0
North Coast Drainage,1,CA,20111018,0
North Coast Drainage,1,CA,20111025,0
North Coast Drainage,1,CA,20111101,0
North Coast Drainage,1,CA,20111108,2
North Coast Drainage,1,CA,20111115,2
North Coast Drainage,1,CA,20111122,2
North Coast Drainage,1,CA,20111129,2
North Coast Drainage,1,CA,20111206,16
North Coast Drainage,1,CA,20111213,22
North Coast Drainage,1,CA,20111220,28
North Coast Drainage,1,CA,20111227,113
North Coast Drainage,1,CA,20120103,156
North Coast Drainage,1,CA,20120110,156
North Coast Drainage,1,CA,20120117,156
North Coast Drainage,1,CA,20120124,110
North Coast Drainage,1,CA,20120131,110
North Coast Drainage,1,CA,20120207,110
North Coast Drainage,1,CA,20120214,110
North Coast Drainage,1,CA,20120221,128
North Coast Drainage,1,CA,20120228,162
North Coast Drainage,1,CA,20120306,162
North Coast Drainage,1,CA,20120313,175
North Coast Drainage,1,CA,20120320,145
North Coast Drainage,1,CA,20120327,145
North Coast Drainage,1,CA,20120403,118
North Coast Drainage,1,CA,20120410,104
North Coast Drainage,1,CA,20120417,50
North Coast Drainage,1,CA,20120424,50
North Coast Drainage,1,CA,20120501,50
North Coast Drainage,1,CA,20120508,50
North Coast Drainage,1,CA,20120515,50
North Coast Drainage,1,CA,20120522,50
North Coast Drainage,1,CA,20120529,50
North Coast Drainage,1,CA,20120605,50
North Coast Drainage,1,CA,20120612,50
North Coast Drainage,1,CA,20120619,50
North Coast Drainage,1,CA,20120626,50
North Coast Drainage,1,CA,20120703,51
North Coast Drainage,1,CA,20120710,51
North Coast Drainage,1,CA,20120717,51
North Coast Drainage,1,CA,20120724,51
North Coast Drainage,1,CA,20120731,51
North Coast Drainage,1,CA,20120807,51
North Coast Drainage,1,CA,20120814,53
North Coast Drainage,1,CA,20120821,53
North Coast Drainage,1,CA,20120828,51
North Coast Drainage,1,CA,20120904,51
North Coast Drainage,1,CA,20120911,50
North Coast Drainage,1,CA,20120918,50
North Coast Drainage,1,CA,20120925,50
North Coast Drainage,1,CA,20121002,49
North Coast Drainage,1,CA,20121009,82
North Coast Drainage,1,CA,20121016,82
North Coast Drainage,1,CA,20121023,81
North Coast Drainage,1,CA,20121030,81
North Coast Drainage,1,CA,20121106,76
North Coast Drainage,1,CA,20121113,76
North Coast Drainage,1,CA,20121120,76
North Coast Drainage,1,CA,20121127,74
North Coast Drainage,1,CA,20121204,21
North Coast Drainage,1,CA,20121211,21
North Coast Drainage,1,CA,20121218,21
North Coast Drainage,1,CA,20121225,21
North Coast Drainage,1,CA,20130101,18
North Coast Drainage,1,CA,20130108,18
North Coast Drainage,1,CA,20130115,18
North Coast Drainage,1,CA,20130122,18
North Coast Drainage,1,CA,20130129,18
North Coast Drainage,1,CA,20130205,18
North Coast Drainage,1,CA,20130212,13
North Coast Drainage,1,CA,20130219,89
North Coast Drainage,1,CA,20130226,106
North Coast Drainage,1,CA,20130305,106
North Coast Drainage,1,CA,20130312,34
North Coast Drainage,1,CA,20130319,53
North Coast Drainage,1,CA,20130326,106
North Coast Drainage,1,CA,20130402,106
North Coast Drainage,1,CA,20130409,84
North Coast Drainage,1,CA,20130416,84
North Coast Drainage,1,CA,20130423,92
North Coast Drainage,1,CA,20130430,114
North Coast Drainage,1,CA,20130507,200
North Coast Drainage,1,CA,20130514,200
North Coast Drainage,1,CA,20130521,200
North Coast Drainage,1,CA,20130528,200
North Coast Drainage,1,CA,20130604,200
North Coast Drainage,1,CA,20130611,200
North Coast Drainage,1,CA,20130618,262
North Coast Drainage,1,CA,20130625,299
North Coast Drainage,1,CA,20130702,299
North Coast Drainage,1,CA,20130709,299
North Coast Drainage,1,CA,20130716,299
North Coast Drainage,1,CA,20130723,299
North Coast Drainage,1,CA,20130730,299
North Coast Drainage,1,CA,20130806,299
North Coast Drainage,1,CA,20130813,299
North Coast Drainage,1,CA,20130820,299
North Coast Drainage,1,CA,20130827,299
North Coast Drainage,1,CA,20130903,299
North Coast Drainage,1,CA,20130910,299
North Coast Drainage,1,CA,20130917,299
North Coast Drainage,1,CA,20130924,299
North Coast Drainage,1,CA,20131001,256
North Coast Drainage,1,CA,20131008,256
North Coast Drainage,1,CA,20131015,256
North Coast Drainage,1,CA,20131022,256
North Coast Drainage,1,CA,20131029,256
North Coast Drainage,1,CA,20131105,256
North Coast Drainage,1,CA,20131112,256
North Coast Drainage,1,CA,20131119,256
North Coast Drainage,1,CA,20131126,256
North Coast Drainage,1,CA,20131203,256
North Coast Drainage,1,CA,20131210,256
North Coast Drainage,1,CA,20131217,256
North Coast Drainage,1,CA,20131224,274
North Coast Drainage,1,CA,20131231,294
North Coast Drainage,1,CA,20140107,294
North Coast Drainage,1,CA,20140114,336
North Coast Drainage,1,CA,20140121,336
North Coast Drainage,1,CA,20140128,367
North Coast Drainage,1,CA,20140204,367
North Coast Drainage,1,CA,20140211,356
North Coast Drainage,1,CA,20140218,349
North Coast Drainage,1,CA,20140225,357
North Coast Drainage,1,CA,20140304,346
North Coast Drainage,1,CA,20140311,346
North Coast Drainage,1,CA,20140318,358
North Coast Drainage,1,CA,20140325,358
North Coast Drainage,1,CA,20140401,357
North Coast Drainage,1,CA,20140408,357
North Coast Drainage,1,CA,20140415,357
North Coast Drainage,1,CA,20140422,392
North Coast Drainage,1,CA,20140429,392
North Coast Drainage,1,CA,20140506,392
North Coast Drainage,1,CA,20140513,392
North Coast Drainage,1,CA,20140520,392
North Coast Drainage,1,CA,20140527,392
North Coast Drainage,1,CA,20140603,392
North Coast Drainage,1,CA,20140610,392
North Coast Drainage,1,CA,20140617,414
North Coast Drainage,1,CA,20140624,414
North Coast Drainage,1,CA,20140701,415
North Coast Drainage,1,CA,20140708,415
North Coast Drainage,1,CA,20140715,415
North Coast Drainage,1,CA,20140722,415
North Coast Drainage,1,CA,20140729,452
North Coast Drainage,1,CA,20140805,452
North Coast Drainage,1,CA,20140812,452
North Coast Drainage,1,CA,20140819,452
North Coast Drainage,1,CA,20140826,452
North Coast Drainage,1,CA,20140902,452
North Coast Drainage,1,CA,20140909,452
North Coast Drainage,1,CA,20140916,452
North Coast Drainage,1,CA,20140923,452
North Coast Drainage,1,CA,20140930,449
North Coast Drainage,1,CA,20141007,449
North Coast Drainage,1,CA,20141014,449
North Coast Drainage,1,CA,20141021,449
North Coast Drainage,1,CA,20141028,449
North Coast Drainage,1,CA,20141104,403
North Coast Drainage,1,CA,20141111,403
North Coast Drainage,1,CA,20141118,403
North Coast Drainage,1,CA,20141125,403
North Coast Drainage,1,CA,20141202,403
North Coast Drainage,1,CA,20141209,403
North Coast Drainage,1,CA,20141216,367
North Coast Drainage,1,CA,20141223,367
North Coast Drainage,1,CA,20141230,364
North Coast Drainage,1,CA,20150106,364
North Coast Drainage,1,CA,20150113,361
North Coast Drainage,1,CA,20150120,361
North Coast Drainage,1,CA,20150127,361
North Coast Drainage,1,CA,20150203,361
North Coast Drainage,1,CA,20150210,301
North Coast Drainage,1,CA,20150217,301
North Coast Drainage,1,CA,20150224,301
North Coast Drainage,1,CA,20150303,301
North Coast Drainage,1,CA,20150310,301
North Coast Drainage,1,CA,20150317,301
North Coast Drainage,1,CA,20150324,301
North Coast Drainage,1,CA,20150331,301
North Coast Drainage,1,CA,20150407,305
North Coast Drainage,1,CA,20150414,305
North Coast Drainage,1,CA,20150421,302
North Coast Drainage,1,CA,20150428,302
North Coast Drainage,1,CA,20150505,307
North Coast Drainage,1,CA,20150512,307
North Coast Drainage,1,CA,20150519,307
North Coast Drainage,1,CA,20150526,310
North Coast Drainage,1,CA,20150602,310
North Coast Drainage,1,CA,20150609,321
North Coast Drainage,1,CA,20150616,326
North Coast Drainage,1,CA,20150623,326
North Coast Drainage,1,CA,20150630,326
North Coast Drainage,1,CA,20150707,326
North Coast Drainage,1,CA,20150714,325
North Coast Drainage,1,CA,20150721,325
North Coast Drainage,1,CA,20150728,325
North Coast Drainage,1,CA,20150804,325
North Coast Drainage,1,CA,20150811,325
North Coast Drainage,1,CA,20150818,325
North Coast Drainage,1,CA,20150825,325
North Coast Drainage,1,CA,20150901,325
North Coast Drainage,1,CA,20150908,325
North Coast Drainage,1,CA,20150915,325
North Coast Drainage,1,CA,20150922,325
North Coast Drainage,1,CA,20150929,325
North Coast Drainage,1,CA,20151006,325
North Coast Drainage,1,CA,20151013,325
North Coast Drainage,1,CA,20151020,325
North Coast Drainage,1,CA,20151027,325
North Coast Drainage,1,CA,20151103,325
North Coast Drainage,1,CA,20151110,325
North Coast Drainage,1,CA,20151117,325
North Coast Drainage,1,CA,20151124,325
North Coast Drainage,1,CA,20151201,325
North Coast Drainage,1,CA,20151208,314
North Coast Drainage,1,CA,20151215,302
North Coast Drainage,1,CA,20151222,302
North Coast Drainage,1,CA,20151229,278
North Coast Drainage,1,CA,20160105,278
North Coast Drainage,1,CA,20160112,278
North Coast Drainage,1,CA,20160119,275
North Coast Drainage,1,CA,20160126,257
North Coast Drainage,1,CA,20160202,257
North Coast Drainage,1,CA,20160209,214
North Coast Drainage,1,CA,20160216,213
North Coast Drainage,1,CA,20160223,208
North Coast Drainage,1,CA,20160301,208
North Coast Drainage,1,CA,20160308,208
North Coast Drainage,1,CA,20160315,155
North Coast Drainage,1,CA,20160322,135
North Coast Drainage,1,CA,20160329,110
North Coast Drainage,1,CA,20160405,110
North Coast Drainage,1,CA,20160412,110
North Coast Drainage,1,CA,20160419,102
North Coast Drainage,1,CA,20160426,102
North Coast Drainage,1,CA,20160503,99
North Coast Drainage,1,CA,20160510,99
North Coast Drainage,1,CA,20160517,82
North Coast Drainage,1,CA,20160524,82
North Coast Drainage,1,CA,20160531,73
North Coast Drainage,1,CA,20160607,87
North Coast Drainage,1,CA,20160614,117
North Coast Drainage,1,CA,20160621,117
North Coast Drainage,1,CA,20160628,117
North Coast Drainage,1,CA,20160705,117
North Coast Drainage,1,CA,20160712,117
North Coast Drainage,1,CA,20160719,117
North Coast Drainage,1,CA,20160726,117
North Coast Drainage,1,CA,20160802,117
North Coast Drainage,1,CA,20160809,117
North Coast Drainage,1,CA,20160816,117
North Coast Drainage,1,CA,20160823,117
North Coast Drainage,1,CA,20160830,117
North Coast Drainage,1,CA,20160906,117
North Coast Drainage,1,CA,20160913,117
North Coast Drainage,1,CA,20160920,117
North Coast Drainage,1,CA,20160927,117
North Coast Drainage,1,CA,20161004,117
North Coast Drainage,1,CA,20161011,117
North Coast Drainage,1,CA,20161018,56
North Coast Drainage,1,CA,20161025,50
North Coast Drainage,1,CA,20161101,44
North Coast Drainage,1,CA,20161108,44
North Coast Drainage,1,CA,20161115,44
North Coast Drainage,1,CA,20161122,44
North Coast Drainage,1,CA,20161129,44
North Coast Drainage,1,CA,20161206,44
North Coast Drainage,1,CA,20161213,43
North Coast Drainage,1,CA,20161220,21
North Coast Drainage,1,CA,20161227,9
North Coast Drainage,1,CA,20170103,9
North Coast Drainage,1,CA,20170110,0
North Coast Drainage,1,CA,20170117,0
North Coast Drainage,1,CA,20170124,0
North Coast Drainage,1,CA,20170131,0
North Coast Drainage,1,CA,20170207,0
North Coast Drainage,1,CA,20170214,0
North Coast Drainage,1,CA,20170221,0
North Coast Drainage,1,CA,20170228,0
North Coast Drainage,1,CA,20170307,0
North Coast Drainage,1,CA,20170314,0
North Coast Drainage,1,CA,20170321,0
North Coast Drainage,1,CA,20170328,0
North Coast Drainage,1,CA,20170404,0
North Coast Drainage,1,CA,20170411,0
North Coast Drainage,1,CA,20170418,0
North Coast Drainage,1,CA,20170425,0
North Coast Drainage,1,CA,20170502,0
North Coast Drainage,1,CA,20170509,0
North Coast Drainage,1,CA,20170516,0
North Coast Drainage,1,CA,20170523,0
North Coast Drainage,1,CA,20170530,0
North Coast Drainage,1,CA,20170606,0
North Coast Drainage,1,CA,20170613,0
North Coast Drainage,1,CA,20170620,0
North Coast Drainage,1,CA,20170627,0
North Coast Drainage,1,CA,20170704,0
North Coast Drainage,1,CA,20170711,0
North Coast Drainage,1,CA,20170718,0
North Coast Drainage,1,CA,20170725,0
North Coast Drainage,1,CA,20170801,0
North Coast Drainage,1,CA,20170808,0
North Coast Drainage,1,CA,20170815,0
North Coast Drainage,1,CA,20170822,0
North Coast Drainage,1,CA,20170829,0
North Coast Drainage,1,CA,20170905,0
North Coast Drainage,1,CA,20170912,0
North Coast Drainage,1,CA,20170919,0
North Coast Drainage,1,CA,20170926,0
North Coast Drainage,1,CA,20171003,0
North Coast Drainage,1,CA,20171010,0
North Coast Drainage,1,CA,20171017,0
North Coast Drainage,1,CA,20171024,0
North Coast Drainage,1,CA,20171031,0
North Coast Drainage,1,CA,20171107,0
North Coast Drainage,1,CA,20171114,0
North Coast Drainage,1,CA,20171121,0
North Coast Drainage,1,CA,20171128,0
North Coast Drainage,1,CA,20171205,0
North Coast Drainage,1,CA,20171212,0
North Coast Drainage,1,CA,20171219,0
North Coast Drainage,1,CA,20171226,0
North Coast Drainage,1,CA,20180102,0
North Coast Drainage,1,CA,20180109,16
North Coast Drainage,1,CA,20180116,19
North Coast Drainage,1,CA,20180123,19
North Coast Drainage,1,CA,20180130,28
North Coast Drainage,1,CA,20180206,39
North Coast Drainage,1,CA,20180213,39
North Coast Drainage,1,CA,20180220,39
North Coast Drainage,1,CA,20180227,39
North Coast Drainage,1,CA,20180306,39
North Coast Drainage,1,CA,20180313,34
North Coast Drainage,1,CA,20180320,34
North Coast Drainage,1,CA,20180327,43
North Coast Drainage,1,CA,20180403,43
North Coast Drainage,1,CA,20180410,27
North Coast Drainage,1,CA,20180417,25
North Coast Drainage,1,CA,20180424,25
North Coast Drainage,1,CA,20180501,25
North Coast Drainage,1,CA,20180508,24
North Coast Drainage,1,CA,20180515,44
North Coast Drainage,1,CA,20180522,44
North Coast Drainage,1,CA,20180529,44
North Coast Drainage,1,CA,20180605,45
North Coast Drainage,1,CA,20180612,45
North Coast Drainage,1,CA,20180619,45
North Coast Drainage,1,CA,20180626,117
North Coast Drainage,1,CA,20180703,118
North Coast Drainage,1,CA,20180710,118
North Coast Drainage,1,CA,20180717,118
North Coast Drainage,1,CA,20180724,126
North Coast Drainage,1,CA,20180731,127
North Coast Drainage,1,CA,20180807,129
North Coast Drainage,1,CA,20180814,145
North Coast Drainage,1,CA,20180821,145
North Coast Drainage,1,CA,20180828,148
North Coast Drainage,1,CA,20180904,162
North Coast Drainage,1,CA,20180911,166
North Coast Drainage,1,CA,20180918,166
North Coast Drainage,1,CA,20180925,166
North Coast Drainage,1,CA,20181002,166
North Coast Drainage,1,CA,20181009,166
North Coast Drainage,1,CA,20181016,166
North Coast Drainage,1,CA,20181023,166
North Coast Drainage,1,CA,20181030,166
North Coast Drainage,1,CA,20181106,210
North Coast Drainage,1,CA,20181113,210
North Coast Drainage,1,CA,20181120,232
North Coast Drainage,1,CA,20181127,232
North Coast Drainage,1,CA,20181204,232
North Coast Drainage,1,CA,20181211,229
North Coast Drainage,1,CA,20181218,229
North Coast Drainage,1,CA,20181225,224
North Coast Drainage,1,CA,20190101,224
North Coast Drainage,1,CA,20190108,224
North Coast Drainage,1,CA,20190115,224
North Coast Drainage,1,CA,20190122,224
North Coast Drainage,1,CA,20190129,153
North Coast Drainage,1,CA,20190205,151
North Coast Drainage,1,CA,20190212,140
North Coast Drainage,1,CA,20190219,93
North Coast Drainage,1,CA,20190226,49
North Coast Drainage,1,CA,20190305,21
North Coast Drainage,1,CA,20190312,4
North Coast Drainage,1,CA,20190319,4
North Coast Drainage,1,CA,20190326,4
North Coast Drainage,1,CA,20190402,4
North Coast Drainage,1,CA,20190409,0
North Coast Drainage,1,CA,20190416,0
North Coast Drainage,1,CA,20190423,0
North Coast Drainage,1,CA,20190430,0
North Coast Drainage,1,CA,20190507,0
North Coast Drainage,1,CA,20190514,0
North Coast Drainage,1,CA,20190521,0
North Coast Drainage,1,CA,20190528,0
North Coast Drainage,1,CA,20190604,0
North Coast Drainage,1,CA,20190611,0
North Coast Drainage,1,CA,20190618,0
North Coast Drainage,1,CA,20190625,0
North Coast Drainage,1,CA,20190702,0
North Coast Drainage,1,CA,20190709,0
North Coast Drainage,1,CA,20190716,0
North Coast Drainage,1,CA,20190723,0
North Coast Drainage,1,CA,20190730,0
North Coast Drainage,1,CA,20190806,1
North Coast Drainage,1,CA,20190813,1
North Coast Drainage,1,CA,20190820,1
North Coast Drainage,1,CA,20190827,1
North Coast Drainage,1,CA,20190903,1
North Coast Drainage,1,CA,20190910,1
North Coast Drainage,1,CA,20190917,1
North Coast Drainage,1,CA,20190924,0
North Coast Drainage,1,CA,20191001,0
North Coast Drainage,1,CA,20191008,0
North Coast Drainage,1,CA,20191015,0
North Coast Drainage,1,CA,20191022,0
North Coast Drainage,1,CA,20191029,0
North Coast Drainage,1,CA,20191105,0
North Coast Drainage,1,CA,20191112,28
North Coast Drainage,1,CA,20191119,29
North Coast Drainage,1,CA,20191126,83
North Coast Drainage,1,CA,20191203,83
North Coast Drainage,1,CA,20191210,17
North Coast Drainage,1,CA,20191217,17
North Coast Drainage,1,CA,20191224,17
North Coast Drainage,1,CA,20191231,17
North Coast Drainage,1,CA,20200107,17
North Coast Drainage,1,CA,20200114,17
North Coast Drainage,1,CA,20200121,17
North Coast Drainage,1,CA,20200128,20
North Coast Drainage,1,CA,20200204,20
North Coast Drainage,1,CA,20200211,20
North Coast Drainage,1,CA,20200218,68
North Coast Drainage,1,CA,20200225,119
North Coast Drainage,1,CA,20200303,150
North Coast Drainage,1,CA,20200310,164
North Coast Drainage,1,CA,20200317,175
North Coast Drainage,1,CA,20200324,204
North Coast Drainage,1,CA,20200331,204
North Coast Drainage,1,CA,20200407,204
North Coast Drainage,1,CA,20200414,262
North Coast Drainage,1,CA,20200421,314
North Coast Drainage,1,CA,20200428,319
North Coast Drainage,1,CA,20200505,315
North Coast Drainage,1,CA,20200512,311
North Coast Drainage,1,CA,20200519,311
North Coast Drainage,1,CA,20200526,311
North Coast Drainage,1,CA,20200602,311
North Coast Drainage,1,CA,20200609,307
North Coast Drainage,1,CA,20200616,307
North Coast Drainage,1,CA,20200623,307
North Coast Drainage,1,CA,20200630,307
North Coast Drainage,1,CA,20200707,307
North Coast Drainage,1,CA,20200714,311
North Coast Drainage,1,CA,20200721,315
North Coast Drainage,1,CA,20200728,315
North Coast Drainage,1,CA,20200804,315
North Coast Drainage,1,CA,20200811,316
North Coast Drainage,1,CA,20200818,316
North Coast Drainage,1,CA,20200825,318
North Coast Drainage,1,CA,20200901,318
North Coast Drainage,1,CA,20200908,318
North Coast Drainage,1,CA,20200915,319
North Coast Drainage,1,CA,20200922,321
North Coast Drainage,1,CA,20200929,343
North Coast Drainage,1,CA,20201006,343
North Coast Drainage,1,CA,20201013,343
North Coast Drainage,1,CA,20201020,343
North Coast Drainage,1,CA,20201027,343
North Coast Drainage,1,CA,20201103,343
North Coast Drainage,1,CA,20201110,345
North Coast Drainage,1,CA,20201117,345
North Coast Drainage,1,CA,20201124,345
North Coast Drainage,1,CA,20201201,345
North Coast Drainage,1,CA,20201208,349
North Coast Drainage,1,CA,20201215,349
North Coast Drainage,1,CA,20201222,349
North Coast Drainage,1,CA,20201229,349
North Coast Drainage,1,CA,20210105,350
North Coast Drainage,1,CA,20210112,350
North Coast Drainage,1,CA,20210119,343
North Coast Drainage,1,CA,20210126,342
North Coast Drainage,1,CA,20210202,297
North Coast Drainage,1,CA,20210209,279
North Coast Drainage,1,CA,20210216,276
North Coast Drainage,1,CA,20210223,263
North Coast Drainage,1,CA,20210302,263
North Coast Drainage,1,CA,20210309,263
North Coast Drainage,1,CA,20210316,262
North Coast Drainage,1,CA,20210323,262
North Coast Drainage,1,CA,20210330,262
North Coast Drainage,1,CA,20210406,264
North Coast Drainage,1,CA,20210413,264
North Coast Drainage,1,CA,20210420,302
North Coast Drainage,1,CA,20210427,345
North Coast Drainage,1,CA,20210504,346
North Coast Drainage,1,CA,20210511,346
North Coast Drainage,1,CA,20210518,358
North Coast Drainage,1,CA,20210525,360
North Coast Drainage,1,CA,20210601,360
North Coast Drainage,1,CA,20210608,379
North Coast Drainage,1,CA,20210615,379
North Coast Drainage,1,CA,20210622,380
North Coast Drainage,1,CA,20210629,380
North Coast Drainage,1,CA,20210706,380
North Coast Drainage,1,CA,20210713,380
North Coast Drainage,1,CA,20210720,381
North Coast Drainage,1,CA,20210727,405
North Coast Drainage,1,CA,20210803,405
North Coast Drainage,1,CA,20210810,410
North Coast Drainage,1,CA,20210817,420
North Coast Drainage,1,CA,20210824,420
North Coast Drainage,1,CA,20210831,420
North Coast Drainage,1,CA,20210907,420
North Coast Drainage,1,CA,20210914,420
North Coast Drainage,1,CA,20210921,419
North Coast Drainage,1,CA,20210928,419
North Coast Drainage,1,CA,20211005,419
North Coast Drainage,1,CA,20211012,419
North Coast Drainage,1,CA,20211019,419
North Coast Drainage,1,CA,20211026,394
North Coast Drainage,1,CA,20211102,394
North Coast Drainage,1,CA,20211109,358
North Coast Drainage,1,CA,20211116,358
North Coast Drainage,1,CA,20211123,354
North Coast Drainage,1,CA,20211130,354
North Coast Drainage,1,CA,20211207,354
North Coast Drainage,1,CA,20211214,354
